Chennai,80.2785,13.0878,302.57,304.14,302.57
Chennai,80.2785,13.0878,302.57,304.14,302.57
Chennai,80.2785,13.0878,302.57,304.14,302.57
Chennai,80.2785,13.0878,302.57,304.14,302.57
Chennai,80.2785,13.0878,302.57,304.14,302.57
Chennai,80.2785,13.0878,302.57,304.14,302.57
Chennai,80.2785,13.0878,302.57,304.14,302.57
Chennai,80.2785,13.0878,302.57,304.14,302.57
Chennai,80.2785,13.0878,302.57,304.14,302.57
Chennai,80.2785,13.0878,302.57,304.14,302.57
Chennai,80.2785,13.0878,302.57,304.14,302.57
Chennai,80.2785,13.0878,302.57,304.14,302.57
Chennai,80.2785,13.0878,302.57,304.14,302.57
Chennai,80.2785,13.0878,302.57,304.14,302.57
Chennai,80.2785,13.0878,302.57,304.14,302.57
Chennai,80.2785,13.0878,302.57,304.14,302.57
Chennai,80.2785,13.0878,302.57,304.14,302.57
Chennai,80.2785,13.0878,302.57,304.14,302.57
Chennai,80.2785,13.0878,302.57,304.14,302.57
Chennai,80.2785,13.0878,302.57,304.14,302.57
Chennai,80.2785,13.0878,302.57,304.14,302.57
Chennai,80.2785,13.0878,302.57,304.14,302.57
Chennai,80.2785,13.0878,302.57,304.14,302.57
Chennai,80.2785,13.0878,302.57,304.14,302.57
Chennai,80.2785,13.0878,302.57,304.14,302.57
Chennai,80.2785,13.0878,302.57,304.14,302.57
Chennai,80.2785,13.0878,302.57,304.14,302.57
Chennai,80.2785,13.0878,302.57,304.14,302.57
Chennai,80.2785,13.0878,302.57,304.14,302.57
Chennai,80.2785,13.0878,302.57,304.14,302.57
Chennai,80.2785,13.0878,302.57,304.14,302.57
Chennai,80.2785,13.0878,302.57,304.14,302.57
Chennai,80.2785,13.0878,302.57,304.14,302.57
Chennai,80.2785,13.0878,302.57,304.14,302.57
Chennai,80.2785,13.0878,302.57,304.14,302.57
Chennai,80.2785,13.0878,302.57,304.14,302.57
Chennai,80.2785,13.0878,302.57,304.14,302.57
Chennai,80.2785,13.0878,302.57,304.14,302.57
Chennai,80.2785,13.0878,302.57,304.14,302.57
Chennai,80.2785,13.0878,302.57,304.14,302.57
Chennai,80.2785,13.0878,304.24,305.14,304.24
Chennai,80.2785,13.0878,304.24,305.14,304.24
Chennai,80.2785,13.0878,304.24,305.14,304.24
Chennai,80.2785,13.0878,304.24,305.14,304.24
Chennai,80.2785,13.0878,304.24,305.14,304.24
Chennai,80.2785,13.0878,304.24,305.14,304.24
Chennai,80.2785,13.0878,304.24,305.14,304.24
Chennai,80.2785,13.0878,304.24,305.14,304.24
Chennai,80.2785,13.0878,304.24,305.14,304.24
Chennai,80.2785,13.0878,304.24,305.14,304.24
Chennai,80.2785,13.0878,304.24,305.14,304.24
Chennai,80.2785,13.0878,304.24,305.14,304.24
Chennai,80.2785,13.0878,304.24,305.14,304.24
Chennai,80.2785,13.0878,304.24,305.14,304.24
Chennai,80.2785,13.0878,304.24,305.14,304.24
Chennai,80.2785,13.0878,304.24,305.14,304.24
Chennai,80.2785,13.0878,304.24,305.14,304.24
Chennai,80.2785,13.0878,304.24,305.14,304.24
Chennai,80.2785,13.0878,304.24,305.14,304.24
Chennai,80.2785,13.0878,304.24,305.14,304.24
Chennai,80.2785,13.0878,304.24,305.14,304.24
Chennai,80.2785,13.0878,304.24,305.14,304.24
Chennai,80.2785,13.0878,304.24,305.14,304.24
Chennai,80.2785,13.0878,304.24,305.14,304.24
Chennai,80.2785,13.0878,304.24,305.14,304.24
Chennai,80.2785,13.0878,304.24,305.14,304.24
Chennai,80.2785,13.0878,304.24,305.14,304.24
Chennai,80.2785,13.0878,304.24,305.14,304.24
Chennai,80.2785,13.0878,304.24,305.14,304.24
Chennai,80.2785,13.0878,304.24,305.14,304.24
Chennai,80.2785,13.0878,304.24,305.14,304.24
Chennai,80.2785,13.0878,304.24,305.14,304.24
Chennai,80.2785,13.0878,304.24,305.14,304.24
Chennai,80.2785,13.0878,304.24,305.14,304.24
Chennai,80.2785,13.0878,304.24,305.14,304.24
Chennai,80.2785,13.0878,304.24,305.14,304.24
Chennai,80.2785,13.0878,304.24,305.14,304.24
Chennai,80.2785,13.0878,304.24,305.14,304.24
Chennai,80.2785,13.0878,304.24,305.14,304.24
Chennai,80.2785,13.0878,304.24,305.14,304.24
